{
  "dod-forgotten-widows-annuity.title": "Annuity for Certain Military Surviving Spouses",
  "dod-forgotten-widows-annuity.headline": "Annuity for Certain Military Surviving Spouses",
  "dod-forgotten-widows-annuity.source.name": "Department of Defense",
  "dod-forgotten-widows-annuity.summary": "Commonly referred to as the Annuity for Forgotten Widows, qualified surviving spouses of members of the Uniformed Services may be eligible for financial support.",
  "dod-forgotten-widows-annuity.eligibility.acceptableValues": "yes",
  "dod-forgotten-widows-annuity.eligibility.label": "The deceased served in the active military, naval, or air service.",
  "dod-forgotten-widows-annuity.eligibility.acceptableValues1": "retired from the service",
  "dod-forgotten-widows-annuity.eligibility.label1": "The deceased died before 1978."
}
