{
  "dod-death-gratuity.title": "Death Gratuity",
  "dod-death-gratuity.headline": "Death Gratuity",
  "dod-death-gratuity.source.name": "Department of Defense",
  "dod-death-gratuity.summary": "Death Gratuity is a tax free payment of $100,000 to eligible survivors of members of the Armed Forces, who died while on active duty or while serving in certain reserve statuses.",
  "dod-death-gratuity.eligibility.acceptableValues": "yes",
  "dod-death-gratuity.eligibility.label": "The deceased served in the active military, naval, or air service.",
  "dod-death-gratuity.eligibility.acceptableValues1": "an active-duty service member,",
  "dod-death-gratuity.eligibility.acceptableValues2": "a member of the National Guard or Reserves",
  "dod-death-gratuity.eligibility.acceptableValues3": "died while on active duty,",
  "dod-death-gratuity.eligibility.acceptableValues4": "died while on inactive-duty training",
  "dod-death-gratuity.eligibility.acceptableValues5": "spouse,",
  "dod-death-gratuity.eligibility.acceptableValues6": "child,",
  "dod-death-gratuity.eligibility.acceptableValues7": "parent,",
  "dod-death-gratuity.eligibility.acceptableValues8": "other family member"
}
