{
  "ssa-supplemental-security-income-elder.title": "Supplemental Security Income (SSI)",
  "ssa-supplemental-security-income-elder.headline": "Supplemental Security Income (SSI)",
  "ssa-supplemental-security-income-elder.source.name": "Social Security Administration",
  "ssa-supplemental-security-income-elder.summary": "Provides financial assistance to older, blind, and people with disabilities to help meet basic needs for food, clothing, and shelter.",
  "ssa-supplemental-security-income-elder.eligibility.label": "You are at least 65 years old."
}
