{
  "ssa-retirement-benefits-child-disabled.title": "Retirement Benefits for Child with Disabilities",
  "ssa-retirement-benefits-child-disabled.headline": "Retirement Benefits for Child with Disabilities",
  "ssa-retirement-benefits-child-disabled.source.name": "Social Security Administration",
  "ssa-retirement-benefits-child-disabled.summary": "Social Security is part of the retirement plan for almost every American worker. It provides replacement income for qualified retirees and their families.",
  "ssa-retirement-benefits-child-disabled.eligibility.label": "You are at least 18 years old.",
  "ssa-retirement-benefits-child-disabled.eligibility.acceptableValues": "unmarried"
}
