{
  "ssa-supplemental-security-income-child.title": "Supplemental Security Income (SSI) for Child",
  "ssa-supplemental-security-income-child.headline": "Supplemental Security Income (SSI) for Child",
  "ssa-supplemental-security-income-child.source.name": "Social Security Administration",
  "ssa-supplemental-security-income-child.summary": "Provides financial assistance to older, blind, and people with disabilities to help meet basic needs for food, clothing, and shelter.",
  "ssa-supplemental-security-income-child.eligibility.label": "You are under 18 years old."
}
