{
  "ssa-survivor-benefits-child-disabled.title": "Survivors Benefits for Child with Disabilities",
  "ssa-survivor-benefits-child-disabled.headline": "Survivors Benefits for Child with Disabilities",
  "ssa-survivor-benefits-child-disabled.source.name": "Social Security Administration",
  "ssa-survivor-benefits-child-disabled.summary": "Social Security survivors benefits are paid to a child, stepchild, grandchild, or adopted child of eligible workers.",
  "ssa-survivor-benefits-child-disabled.eligibility.acceptableValues": "child",
  "ssa-survivor-benefits-child-disabled.eligibility.label": "You are at least 18 years old."
}
