{
  "ssa-survivor-benefits-spouse-disabled.title": "Survivors Benefits for Spouse with Disabilities",
  "ssa-survivor-benefits-spouse-disabled.headline": "Survivors Benefits for Spouse with Disabilities",
  "ssa-survivor-benefits-spouse-disabled.source.name": "Social Security Administration",
  "ssa-survivor-benefits-spouse-disabled.summary": "Social Security survivors benefits are paid to a surviving spouse of eligible workers, and under certain circumstances, to a surviving divorced spouse of eligible workers.",
  "ssa-survivor-benefits-spouse-disabled.eligibility.acceptableValues": "spouse",
  "ssa-survivor-benefits-spouse-disabled.eligibility.label": "You are at least 50 years old.",
  "ssa-survivor-benefits-spouse-disabled.eligibility.acceptableValues1": "widowed,",
  "ssa-survivor-benefits-spouse-disabled.eligibility.acceptableValues2": "divorced"
}
