{
  "ssa-retirement-benefits-child.title": "Retirement Benefits for Child",
  "ssa-retirement-benefits-child.headline": "Retirement Benefits for Child",
  "ssa-retirement-benefits-child.source.name": "Social Security Administration",
  "ssa-retirement-benefits-child.summary": "Social Security is part of the retirement plan for almost every American worker. It provides replacement income for qualified retirees and their families.",
  "ssa-retirement-benefits-child.eligibility.label": "You are under 18 years old (under 19 years old if you are a full-time student in an elementary or secondary school).",
  "ssa-retirement-benefits-child.eligibility.acceptableValues": "unmarried"
}
