{
  "ssa-disability-insurance-child-disabled.title": "Social Security Disability Insurance for Child with Disabilities",
  "ssa-disability-insurance-child-disabled.headline": "Social Security Disability Insurance for Child with Disabilities",
  "ssa-disability-insurance-child-disabled.source.name": "Social Security Administration",
  "ssa-disability-insurance-child-disabled.summary": "Provides financial assistance to people with disabilities and their family members.",
  "ssa-disability-insurance-child-disabled.eligibility.label": "You are at least 18 years old.",
  "ssa-disability-insurance-child-disabled.eligibility.acceptableValues": "unmarried"
}
