{
  "ssa-survivor-benefits-parents.title": "Survivors Benefits for Parents",
  "ssa-survivor-benefits-parents.headline": "Survivors Benefits for Parents",
  "ssa-survivor-benefits-parents.source.name": "Social Security Administration",
  "ssa-survivor-benefits-parents.summary": "Social Security survivors benefits are paid to parents of eligible workers.",
  "ssa-survivor-benefits-parents.eligibility.acceptableValues": "parent",
  "ssa-survivor-benefits-parents.eligibility.label": "You are at least 62 years old and were dependent on the deceased for at least half of your support."
}
