{
  "va-burial-in-national-cemetery.title": "Burial in VA National Cemetery",
  "va-burial-in-national-cemetery.headline": "Burial in VA National Cemetery",
  "va-burial-in-national-cemetery.source.name": "U.S. Department of Veteran Affairs",
  "va-burial-in-national-cemetery.summary": "Veterans, service members, and some family members may be eligible for burial in a VA national cemetery.",
  "va-burial-in-national-cemetery.eligibility.acceptableValues": "yes",
  "va-burial-in-national-cemetery.eligibility.label": "The deceased served in the active military, naval, or air service.",
  "va-burial-in-national-cemetery.eligibility.acceptableValues1": "an active-duty service member,",
  "va-burial-in-national-cemetery.eligibility.acceptableValues2": "discharged under conditions other than dishonorable,",
  "va-burial-in-national-cemetery.eligibility.acceptableValues3": "a member of the National Guard or Reserves,",
  "va-burial-in-national-cemetery.eligibility.acceptableValues4": "died while on active duty,",
  "va-burial-in-national-cemetery.eligibility.acceptableValues5": "died as a result of a service-connected disability or illness,",
  "va-burial-in-national-cemetery.eligibility.acceptableValues6": "died while receiving or traveling to receive VA care,",
  "va-burial-in-national-cemetery.eligibility.acceptableValues7": "died while eligible or receiving VA compensation,"
}
