{
  "va-burial-flag.title": "Burial Flag",
  "va-burial-flag.headline": "Burial Flag",
  "va-burial-flag.source.name": "U.S. Department of Veteran Affairs",
  "va-burial-flag.summary": "VA provides a United States flag to drape on a casket (or coffin) or place with an urn in honor of the military service of a veteran or reservist.",
  "va-burial-flag.eligibility.acceptableValues": "yes",
  "va-burial-flag.eligibility.label": "The deceased served in the active military, naval, or air service.",
  "va-burial-flag.eligibility.acceptableValues1": "an active-duty service member,",
  "va-burial-flag.eligibility.acceptableValues2": "discharged under conditions other than dishonorable,",
  "va-burial-flag.eligibility.acceptableValues3": "a member of the National Guard or Reserves,",
  "va-burial-flag.eligibility.acceptableValues4": "spouse,",
  "va-burial-flag.eligibility.acceptableValues5": "child,",
  "va-burial-flag.eligibility.acceptableValues6": "parent,",
  "va-burial-flag.eligibility.acceptableValues7": "other family member,",
  "va-burial-flag.eligibility.acceptableValues8": "personal or official representative"
}
