{
  "va-burial-allowance.title": "Veteran\u2019s Burial Allowance",
  "va-burial-allowance.headline": "Burial marker for veterans",
  "va-burial-allowance.source.name": "U.S. Department of Veteran Affairs",
  "va-burial-allowance.summary": "Assistance may be available to help with burial, funeral, and transportation costs of a deceased veteran.",
  "va-burial-allowance.eligibility.acceptableValues": "yes",
  "va-burial-allowance.eligibility.label": "The deceased served in the active military, naval, or air service.",
  "va-burial-allowance.eligibility.acceptableValues1": "discharged under conditions other than dishonorable",
  "va-burial-allowance.eligibility.acceptableValues2": "died as a result of a service-connected disability or illness,",
  "va-burial-allowance.eligibility.acceptableValues3": "died while receiving or traveling to receive VA care,",
  "va-burial-allowance.eligibility.acceptableValues4": "died while eligible or receiving VA compensation,",
  "va-burial-allowance.eligibility.label1": "The deceased's funeral/burial was within the last two years.",
  "va-burial-allowance.eligibility.acceptableValues5": "spouse,",
  "va-burial-allowance.eligibility.acceptableValues6": "child,",
  "va-burial-allowance.eligibility.acceptableValues7": "parent,",
  "va-burial-allowance.eligibility.acceptableValues8": "other family member,",
  "va-burial-allowance.eligibility.acceptableValues9": "personal or official representative"
}
