{
  "va-disability-compensation.title": "Disability Compensation",
  "va-disability-compensation.headline": "Disability Compensation",
  "va-disability-compensation.source.name": "U.S. Department of Veteran Affairs",
  "va-disability-compensation.summary": "VA disability compensation (pay) offers a monthly tax-free payment to veterans who got sick or injured while serving in the military and to veterans whose service made an existing condition worse.",
  "va-disability-compensation.eligibility.acceptableValues": "yes"
}
