{
  "va-headstone-grave-marker.title": "Veteran\u2019s Headstone and Grave Marker",
  "va-headstone-grave-marker.headline": "Veteran\u2019s Headstone and Grave Marker",
  "va-headstone-grave-marker.source.name": "U.S. Department of Veteran Affairs",
  "va-headstone-grave-marker.summary": "A headstone, grave marker, or niche marker may be available to honor a veteran, service member, or eligible family member.",
  "va-headstone-grave-marker.eligibility.acceptableValues": "yes",
  "va-headstone-grave-marker.eligibility.label": "The deceased served in the active military, naval, or air service.",
  "va-headstone-grave-marker.eligibility.acceptableValues1": "an active-duty service member,",
  "va-headstone-grave-marker.eligibility.acceptableValues2": "discharged under conditions other than dishonorable,",
  "va-headstone-grave-marker.eligibility.acceptableValues3": "a member of the National Guard or Reserves,",
  "va-headstone-grave-marker.eligibility.acceptableValues4": "spouse,",
  "va-headstone-grave-marker.eligibility.acceptableValues5": "child,",
  "va-headstone-grave-marker.eligibility.acceptableValues6": "parent,",
  "va-headstone-grave-marker.eligibility.acceptableValues7": "other family member,",
  "va-headstone-grave-marker.eligibility.acceptableValues8": "personal or official representative"
}
