{
  "va-health-care-program-for-surviving-child.title": "Civilian Health and Medical Program of the VA (CHAMPVA) for Child",
  "va-health-care-program-for-surviving-child.headline": "Civilian Health and Medical Program of the VA (CHAMPVA) for Child",
  "va-health-care-program-for-surviving-child.source.name": "U.S. Department of Veteran Affairs",
  "va-health-care-program-for-surviving-child.summary": "As a surviving child of a veteran you may be eligible for health insurance that covers the cost of some of your health care services and supplies, including pharmacy benefits.",
  "va-health-care-program-for-surviving-child.eligibility.acceptableValues": "yes",
  "va-health-care-program-for-surviving-child.eligibility.label": "The deceased served in the active military, naval, or air service.",
  "va-health-care-program-for-surviving-child.eligibility.acceptableValues1": "an active-duty service member,",
  "va-health-care-program-for-surviving-child.eligibility.acceptableValues2": "discharged under conditions other than dishonorable",
  "va-health-care-program-for-surviving-child.eligibility.acceptableValues3": "died while on active duty,",
  "va-health-care-program-for-surviving-child.eligibility.acceptableValues4": "died as a result of a service-connected disability or illness",
  "va-health-care-program-for-surviving-child.eligibility.acceptableValues5": "child",
  "va-health-care-program-for-surviving-child.eligibility.label1": "You are under 18 years old (under 23 years old if attending a VA-approved school).",
  "va-health-care-program-for-surviving-child.eligibility.acceptableValues6": "unmarried"
}
