{
  "va-home-loan-program-for-survivors.title": "Home Loan Program for Survivors",
  "va-home-loan-program-for-survivors.headline": "Home Loan Program for Survivors",
  "va-home-loan-program-for-survivors.source.name": "U.S. Department of Veteran Affairs",
  "va-home-loan-program-for-survivors.summary": "A VA-backed home loan may be available to the surviving spouse of a veteran.",
  "va-home-loan-program-for-survivors.eligibility.acceptableValues": "yes",
  "va-home-loan-program-for-survivors.eligibility.label": "The deceased served in the active military, naval, or air service.",
  "va-home-loan-program-for-survivors.eligibility.acceptableValues1": "an active-duty service member,",
  "va-home-loan-program-for-survivors.eligibility.acceptableValues2": "discharged under conditions other than dishonorable",
  "va-home-loan-program-for-survivors.eligibility.acceptableValues3": "died while on active duty,",
  "va-home-loan-program-for-survivors.eligibility.acceptableValues4": "died as a result of a service-connected disability or illness,",
  "va-home-loan-program-for-survivors.eligibility.acceptableValues5": "died while receiving or traveling to receive VA care,",
  "va-home-loan-program-for-survivors.eligibility.acceptableValues6": "died while eligible or receiving VA compensation,",
  "va-home-loan-program-for-survivors.eligibility.acceptableValues7": "widowed",
  "va-home-loan-program-for-survivors.eligibility.acceptableValues8": "spouse"
}
