{
  "va-life-insurance-for-veterans.title": "Veterans Life Insurance",
  "va-life-insurance-for-veterans.headline": "Veterans Life Insurance",
  "va-life-insurance-for-veterans.source.name": "U.S. Department of Veteran Affairs",
  "va-life-insurance-for-veterans.summary": "VA Life Insurance programs are available for veterans, service members, and their spouses and dependent children.",
  "va-life-insurance-for-veterans.eligibility.acceptableValues": "yes",
  "va-life-insurance-for-veterans.eligibility.acceptableValues1": "an active-duty service member,",
  "va-life-insurance-for-veterans.eligibility.acceptableValues2": "discharged under conditions other than dishonorable,",
  "va-life-insurance-for-veterans.eligibility.acceptableValues3": "retired from the service,"
}
