{
  "va-life-insurance-for-survivors.title": "Veterans Life Insurance for Surviving Beneficiaries",
  "va-life-insurance-for-survivors.headline": "Veterans Life Insurance for Surviving Beneficiaries",
  "va-life-insurance-for-survivors.source.name": "U.S. Department of Veteran Affairs",
  "va-life-insurance-for-survivors.summary": "Financial payment from a veteran's or service member's life insurance policy may be available.",
  "va-life-insurance-for-survivors.eligibility.acceptableValues": "yes",
  "va-life-insurance-for-survivors.eligibility.label": "The deceased served in the active military, naval, or air service.",
  "va-life-insurance-for-survivors.eligibility.acceptableValues1": "an active-duty service member,",
  "va-life-insurance-for-survivors.eligibility.acceptableValues2": "discharged under conditions other than dishonorable,",
  "va-life-insurance-for-survivors.eligibility.acceptableValues3": "retired from the service,",
  "va-life-insurance-for-survivors.eligibility.acceptableValues4": "a member of the National Guard or Reserves,",
  "va-life-insurance-for-survivors.eligibility.acceptableValues5": "spouse,",
  "va-life-insurance-for-survivors.eligibility.acceptableValues6": "child,",
  "va-life-insurance-for-survivors.eligibility.acceptableValues7": "parent,",
  "va-life-insurance-for-survivors.eligibility.acceptableValues8": "other family member"
}
