{
  "va-presidential-memorial-certificate.title": "Presidential Memorial Certificate",
  "va-presidential-memorial-certificate.headline": "Presidential Memorial Certificate",
  "va-presidential-memorial-certificate.source.name": "U.S. Department of Veteran Affairs",
  "va-presidential-memorial-certificate.summary": "A Presidential Memorial Certificate (PMC) is an engraved paper certificate signed by the current president issued to honor the military service of a veteran or reservist.",
  "va-presidential-memorial-certificate.eligibility.acceptableValues": "yes",
  "va-presidential-memorial-certificate.eligibility.label": "The deceased served in the active military, naval, or air service.",
  "va-presidential-memorial-certificate.eligibility.acceptableValues1": "an active-duty service member,",
  "va-presidential-memorial-certificate.eligibility.acceptableValues2": "discharged under conditions other than dishonorable,",
  "va-presidential-memorial-certificate.eligibility.acceptableValues3": "a member of the National Guard or Reserves,",
  "va-presidential-memorial-certificate.eligibility.acceptableValues4": "died while on active duty,",
  "va-presidential-memorial-certificate.eligibility.acceptableValues5": "died as a result of a service-connected disability or illness,",
  "va-presidential-memorial-certificate.eligibility.acceptableValues6": "died while receiving or traveling to receive VA care,",
  "va-presidential-memorial-certificate.eligibility.acceptableValues7": "died while eligible or receiving VA compensation,",
  "va-presidential-memorial-certificate.eligibility.acceptableValues8": "spouse,",
  "va-presidential-memorial-certificate.eligibility.acceptableValues9": "child,",
  "va-presidential-memorial-certificate.eligibility.acceptableValues10": "parent,",
  "va-presidential-memorial-certificate.eligibility.acceptableValues11": "other family member,",
  "va-presidential-memorial-certificate.eligibility.acceptableValues12": "personal or official representative"
}
