{
  "va-survivor-pension-child-disabled.title": "Survivor Pension for Child with Disabilities",
  "va-survivor-pension-child-disabled.headline": "Survivor Pension for Child with Disabilities",
  "va-survivor-pension-child-disabled.source.name": "U.S. Department of Veteran Affairs",
  "va-survivor-pension-child-disabled.summary": "Monthly payments may be available to qualified surviving dependent children of wartime veterans who meet certain income and net worth limits.",
  "va-survivor-pension-child-disabled.eligibility.acceptableValues": "yes",
  "va-survivor-pension-child-disabled.eligibility.label": "The deceased served in the active military, naval, or air service.",
  "va-survivor-pension-child-disabled.eligibility.acceptableValues1": "discharged under conditions other than dishonorable",
  "va-survivor-pension-child-disabled.eligibility.acceptableValues2": "child",
  "va-survivor-pension-child-disabled.eligibility.label1": "You are at least 18 years old.",
  "va-survivor-pension-child-disabled.eligibility.acceptableValues3": "unmarried"
}
