{
    "criteria.criteriaKey.label": "label",
    "criteria.deceased-basics.label": "",
    "criteria.deceased_paid_into_SS.label": "The deceased worked and paid Social Security taxes on their earnings.",
    "criteria.deceased_died_of_COVID.label": "The deceased died or likely died of COVID-19.",
    "criteria.deceased_death_location_is_US.label": "The deceased died in the U.S., including its territories.",
    "criteria.deceased_public_safety_officer.label": "The deceased was a public safety officer who died in the line of duty.",
    "criteria.deceased_date_of_death.label": "The deceased died on the following date",
    "criteria.deceased_date_of_funeral.label": "The deceased's funeral/burial was on the following date",
    "criteria.deceased-military.label": "",
    "criteria.deceased_served_in_active_military.label": "Did the person who died serve in the active military, naval, or air service?",
    "criteria.deceased_served_in_active_military.values1": "yes",
    "criteria.deceased_served_in_active_military.values2": " no",
    "criteria.deceased_service_status.label": "The service status of the deceased is",
    "criteria.deceased_service_status.values1": "an active-duty service member",
    "criteria.deceased_service_status.values2": " discharged under conditions other than dishonorable",
    "criteria.deceased_service_status.values3": " retired from the service",
    "criteria.deceased_service_status.values4": " a member of the National Guard or Reserves",
    "criteria.deceased_death_circumstance.label": "One of the following circumstances apply to the deceased",
    "criteria.deceased_death_circumstance.values1": "died while on active duty",
    "criteria.deceased_death_circumstance.values2": " died while on inactive-duty training",
    "criteria.deceased_death_circumstance.values3": " died as a result of a service-connected disability or illness",
    "criteria.deceased_death_circumstance.values4": " died while receiving or traveling to receive VA care",
    "criteria.deceased_death_circumstance.values5": " died while eligible for or receiving VA compensation",
    "criteria.deceased_grave_headstone.label": "The deceased is buried in an unmarked grave, or their grave is marked with a privately purchased headstone.",
    "criteria.applicant-basics.label": "",
    "criteria.applicant_paid_into_SS.label": "You worked and paid Social Security taxes on your earnings.",
    "criteria.applicant_ss_number.label": "You have a valid Social Security number.",
    "criteria.applicant_date_of_birth.label": "Your date of birth is",
    "criteria.applicant_marital_status.label": "Your marital status is",
    "criteria.applicant_marital_status.values1": "now married",
    "criteria.applicant_marital_status.values2": " unmarried",
    "criteria.applicant_marital_status.values3": " widowed",
    "criteria.applicant_marital_status.values4": " divorced",
    "criteria.applicant_citizen_status.label": "You are a U.S. citizen or eligible non-citizen.",
    "criteria.applicant_disability.label": "You have a medically determinable physical or mental impairment (including an emotional or learning problem).",
    "criteria.applicant_ability_to_work.label": "You are unable to work for a year or more because of a disability or your disability is expected to result in death.",
    "criteria.applicant_income.label": "You have limited income and resources.",
    "criteria.applicant_health_insurance.label": "You are uninsured through health insurance and are ineligible for Medicaid.",
    "criteria.applicant_dependents_children.label": "You are pregnant or have dependent children who are under 19 years old.",
    "criteria.applicant_declared_disaster.label": "Your residence is in a declared disaster area.",
    "criteria.applicant_high-school_diploma.label": "You have a high school diploma or equivalent.",
    "criteria.applicant_degree_cerificate_program.label": "You are enrolled or accepted as a student in an eligible degree or certificate program.",
    "criteria.applicant_disaster_zone.label": "What is your zip code?",
    "criteria.applicant-relatonships.label": "",
    "criteria.applicant_lost_a_family_member.label": "Did you recently lose a loved one?",
    "criteria.applicant_lost_a_family_member.values1": "yes",
    "criteria.applicant_lost_a_family_member.values2": " no",
    "criteria.applicant_lost_a_service_member.label": "Did you recently lose a loved one who served in the military?",
    "criteria.applicant_lost_a_service_member.values1": "yes",
    "criteria.applicant_lost_a_service_member.values2": " no",
    "criteria.applicant_child_spouse_SS.label": "You are a child or a spouse of a person who is receiving retirement or disability benefits.",
    "criteria.applicant_family_of_service_member.label": "You are a family member of a person who served in the active military, naval, or air service, and he/she is",
    "criteria.applicant_family_of_service_member.values1": "missing in action",
    "criteria.applicant_family_of_service_member.values2": " captured/detained in the line of duty",
    "criteria.applicant_family_of_service_member.values3": " disabled due to a service-connected disability",
    "criteria.applicant_care_for_child.label": "You are caring for the child of the person who died, is retired or has disabilities, and the child is under age 16 or is disabled.",
    "criteria.applicant_relationship.label": "Your relationship to the person who died is",
    "criteria.applicant_relationship.values1": "spouse",
    "criteria.applicant_relationship.values2": " child",
    "criteria.applicant_relationship.values3": " parent",
    "criteria.applicant_relationship.values4": " other family member",
    "criteria.applicant_relationship.values5": " personal or official representative",
    "criteria.applicant_paid_funeral_expenses.label": "You paid for the funeral/burial expenses.",
    "criteria.applicant_funeral_reimbursment.label": "You were NOT reimbursed for the funeral/burial cost by any organization or government agency.",
    "criteria.applicant-military.label": "",
    "criteria.applicant_served_in_active_military.label": "Did you serve in the active military, naval or air service?",
    "criteria.applicant_served_in_active_military.values1": "yes",
    "criteria.applicant_served_in_active_military.values2": " no",
    "criteria.applicant_service_status.label": "One of the following describes your service status:",
    "criteria.applicant_service_status.values1": "an active-duty service member",
    "criteria.applicant_service_status.values2": " discharged under conditions other than dishonorable",
    "criteria.applicant_service_status.values3": " retired from the service",
    "criteria.applicant_service_status.values4": " a member of the National Guard or Reserves",
    "criteria.applicant_minimum_service_requirement.label": "You served for at least 90 days of active-duty service.",
    "criteria.applicant_service_disability.label": "Your disability was caused, or made worse by your active-duty military service."
}