{
  "death-of-a-loved-one.title": "Death of a loved one",
  "death-of-a-loved-one.summary": "If you have lost a loved one, you may qualify for help, including assistance with burial or funeral costs, financial support, and more.",
  "death-of-a-loved-one.lede": "",
  "death-of-a-loved-one.secondaryHeadline": "Government assistance after losing a loved one",
  "death-of-a-loved-one.eligibilityCriteriaDescription": "Please check the boxes and select the options that best describe your situation. Answer as many questions as possible for the most accurate results.",
  "death-of-a-loved-one.topLevelFilter.label": "Start here",
  "death-of-a-loved-one.topLevelFilter.label1": "",
  "death-of-a-loved-one.topLevelFilter.label2": "",
  "death-of-a-loved-one.topLevelFilter.disableGroupWhen": "no",
  "death-of-a-loved-one.eligibilityCriteria.label": "About the person who died",
  "death-of-a-loved-one.eligibilityCriteria.description": "",
  "death-of-a-loved-one.eligibilityCriteria.label1": "About the military service of the person who died",
  "death-of-a-loved-one.eligibilityCriteria.description1": "",
  "death-of-a-loved-one.eligibilityCriteria.label2": "About you (the person applying for benefits)",
  "death-of-a-loved-one.eligibilityCriteria.description2": ""
}
