{
  "disability.title": "Disability",
  "disability.summary": "Whether you are newly disabled or have a lifelong challenge, assistance may be available, including financial help.",
  "disability.lede": "",
  "disability.secondaryHeadline": "Disability benefits",
  "disability.eligibilityCriteriaDescription": "Please check the boxes and select the options that best describe your situation. Answer as many questions as possible for the most accurate results.",
  "disability.topLevelFilter.label": "Start here",
  "disability.topLevelFilter.label1": "",
  "disability.topLevelFilter.disableGroupWhen": "no",
  "disability.topLevelFilter.label2": "",
  "disability.topLevelFilter.disableGroupWhen1": "no",
  "disability.eligibilityCriteria.label": "About you (the person applying for benefits)",
  "disability.eligibilityCriteria.description": "",
  "disability.eligibilityCriteria.label1": "About your military service",
  "disability.eligibilityCriteria.description1": "",
  "disability.eligibilityCriteria.label2": "About the person who died",
  "disability.eligibilityCriteria.description2": ""
}
