{
  "late-adulthood.title": "Getting older",
  "late-adulthood.summary": "As you get older and your needs change, there may be benefits available to help you with expenses, health care, and other new challenges.",
  "late-adulthood.lede": "",
  "late-adulthood.secondaryHeadline": "Late adulthood benefits",
  "late-adulthood.eligibilityCriteriaDescription": "Please check the boxes and select the options that best describe your situation. Answer as many questions as possible for the most accurate results.",
  "late-adulthood.topLevelFilter.label": "Start here",
  "late-adulthood.eligibilityCriteria.label": "About you (the person applying for benefits)",
  "late-adulthood.eligibilityCriteria.description": ""
}
