{
  "loss-of-job-and-low-income.title": "Loss of job and low income",
  "loss-of-job-and-low-income.summary": "There may be benefits available to help you with a recent job loss or if you have low income, including financial help and retraining.",
  "loss-of-job-and-low-income.lede": "",
  "loss-of-job-and-low-income.secondaryHeadline": "Loss of job and low income benefits",
  "loss-of-job-and-low-income.eligibilityCriteriaDescription": "Please check the boxes and select the options that best describe your situation. Answer as many questions as possible for the most accurate results.",
  "loss-of-job-and-low-income.topLevelFilter.label": "Start here",
  "loss-of-job-and-low-income.eligibilityCriteria.label": "About you (the person applying for benefits)",
  "loss-of-job-and-low-income.eligibilityCriteria.description": ""
}
