{
  "national-emergency-and-disaster.title": "National emergency and disaster",
  "national-emergency-and-disaster.summary": "If you have experience a national emergency or a disaster, help may be available, including temporary housing and financial help.",
  "national-emergency-and-disaster.lede": "",
  "national-emergency-and-disaster.secondaryHeadline": "National emergency and disaster benefits",
  "national-emergency-and-disaster.eligibilityCriteriaDescription": "Please check the boxes and select the options that best describe your situation. Answer as many questions as possible for the most accurate results.",
  "national-emergency-and-disaster.eligibilityCriteria.label": "About you (the person applying for benefits)",
  "national-emergency-and-disaster.eligibilityCriteria.description": "",
  "national-emergency-and-disaster.eligibilityCriteria.label1": "Did you lose a loved one due to national emergency or disaster?",
  "national-emergency-and-disaster.eligibilityCriteria.description1": ""
}
