{
  "pregnancy-and-baby.title": "Pregnancy and new baby",
  "pregnancy-and-baby.summary": "Discover what benefits are available during pregnancy and when you have a new child, either through birth or adoption.",
  "pregnancy-and-baby.lede": "",
  "pregnancy-and-baby.secondaryHeadline": "Pregnancy and new baby benefits",
  "pregnancy-and-baby.eligibilityCriteriaDescription": "Please check the boxes and select the options that best describe your situation. Answer as many questions as possible for the most accurate results.",
  "pregnancy-and-baby.eligibilityCriteria.label": "About you (the person applying for benefits)",
  "pregnancy-and-baby.eligibilityCriteria.description": ""
}
