{
  "retirement.title": "Retirement",
  "retirement.summary": "Find out what financial, health care, and other benefits may be available as you enter this next phase of your life.",
  "retirement.lede": "",
  "retirement.secondaryHeadline": "Retirement benefits",
  "retirement.eligibilityCriteriaDescription": "Please check the boxes and select the options that best describe your situation. Answer as many questions as possible for the most accurate results.",
  "retirement.topLevelFilter.label": "Start here",
  "retirement.topLevelFilter.label1": "",
  "retirement.topLevelFilter.disableGroupWhen": "no",
  "retirement.eligibilityCriteria.label": "About you (the person applying for benefits)",
  "retirement.eligibilityCriteria.description": "",
  "retirement.eligibilityCriteria.label1": "About your military service",
  "retirement.eligibilityCriteria.description1": ""
}
