{
  "school-and-education.title": "School and education",
  "school-and-education.summary": "Find out what help is available as you pursue your education, including loans, grants, and guidance.",
  "school-and-education.lede": "",
  "school-and-education.secondaryHeadline": "School and education benefits",
  "school-and-education.eligibilityCriteriaDescription": "Please check the boxes and select the options that best describe your situation. Answer as many questions as possible for the most accurate results.",
  "school-and-education.topLevelFilter.label": "Start here",
  "school-and-education.topLevelFilter.label1": "",
  "school-and-education.topLevelFilter.disableGroupWhen": "no",
  "school-and-education.topLevelFilter.label2": "",
  "school-and-education.topLevelFilter.disableGroupWhen1": "no",
  "school-and-education.eligibilityCriteria.label": "About you (the person applying for benefits)",
  "school-and-education.eligibilityCriteria.description": "",
  "school-and-education.eligibilityCriteria.label1": "About your military service",
  "school-and-education.eligibilityCriteria.description1": "",
  "school-and-education.eligibilityCriteria.label2": "About the person who died",
  "school-and-education.eligibilityCriteria.description2": ""
}
